{
  "X": [
    24.325353622436523,
    24.325353622436523,
    24.325353622436523,
    24.325353622436523,
    24.325353622436523,
    24.325353622436523,
    24.325353622436523,
    24.325353622436523,
    24.325353622436523,
    24.325353622436523,
    24.325353622436523,
    24.325353622436523,
    24.325353622436523,
    24.325353622436523,
    24.325353622436523,
    24.325353622436523,
    24.325353622436523,
    24.325353622436523,
    24.325353622436523,
    24.325353622436523,
    24.325353622436523,
    24.325353622436523,
    24.325353622436523,
    24.325353622436523,
    24.325353622436523,
    24.325353622436523,
    24.325353622436523,
    24.325353622436523,
    24.325353622436523,
    24.325353622436523,
    24.325353622436523,
    24.325353622436523,
    7.0,
    7.0,
    7.0,
    7.0,
    7.0,
    7.0,
    7.0,
    7.0,
    7.0,
    7.0,
    7.0,
    7.0,
    7.0,
    7.0,
    7.0,
    7.0,
    7.0,
    7.0,
    7.0,
    7.0,
    7.0,
    7.0,
    7.0,
    7.0,
    7.0,
    7.0,
    7.0,
    7.0,
    7.0,
    7.0,
    7.0,
    7.0,
    7.0,
    7.0,
    7.0,
    7.0,
    7.0,
    7.0,
    7.0,
    7.0,
    7.0,
    7.0,
    7.0,
    7.0,
    7.0,
    7.0,
    7.0,
    7.0,
    7.0,
    7.0,
    7.0,
    7.0,
    7.0,
    7.0,
    7.0,
    7.0,
    7.0,
    7.0,
    7.0,
    7.0,
    7.0,
    7.0,
    7.0,
    7.0,
    7.0,
    7.0,
    7.0,
    7.0,
    7.0,
    7.0,
    7.0,
    7.0,
    7.0,
    7.0,
    7.0,
    7.0,
    7.0,
    7.0,
    7.0,
    7.0,
    7.0,
    7.0,
    7.0,
    7.0,
    7.0,
    7.0,
    7.0,
    7.0,
    7.0,
    7.0,
    7.0,
    7.0,
    7.0,
    7.0,
    7.0,
    7.0,
    7.0,
    7.0,
    7.0,
    7.0,
    7.0,
    7.0,
    7.0,
    7.0,
    7.0,
    7.0,
    7.0,
    7.0,
    7.0,
    7.0,
    7.0,
    7.0,
    7.0,
    7.0,
    7.0,
    7.0,
    7.0,
    7.0,
    7.0,
    7.0,
    7.0,
    7.0,
    7.0,
    7.0,
    7.0,
    7.0,
    7.0
  ],
  "Y": [
    101.62730407714844,
    101.62725830078125,
    101.62725830078125,
    101.62730407714844,
    101.62725830078125,
    101.62730407714844,
    101.62730407714844,
    101.62730407714844,
    101.62730407714844,
    101.62730407714844,
    101.62730407714844,
    101.62730407714844,
    101.62730407714844,
    101.62725830078125,
    101.62730407714844,
    101.62730407714844,
    101.62730407714844,
    101.62730407714844,
    101.62730407714844,
    101.62730407714844,
    101.62730407714844,
    101.62725830078125,
    101.62730407714844,
    101.62725830078125,
    101.62730407714844,
    101.62730407714844,
    101.62725830078125,
    101.62730407714844,
    101.62725830078125,
    101.62730407714844,
    101.62730407714844,
    101.62730407714844,
    33.01901626586914,
    33.01901626586914,
    33.01897430419922,
    33.01897430419922,
    33.01897430419922,
    33.01897430419922,
    33.01897430419922,
    33.01897430419922,
    33.01901626586914,
    33.01897430419922,
    33.01901626586914,
    33.01897430419922,
    33.01897430419922,
    33.01897430419922,
    33.01897430419922,
    33.01897430419922,
    33.01897430419922,
    33.01897430419922,
    33.01897430419922,
    33.01897430419922,
    33.01897430419922,
    33.01901626586914,
    33.01901626586914,
    33.01897430419922,
    33.01901626586914,
    33.01897430419922,
    33.01901626586914,
    33.01901626586914,
    33.01901626586914,
    33.01901626586914,
    33.01901626586914,
    33.01901626586914,
    33.01897430419922,
    33.01901626586914,
    33.01897430419922,
    33.01901626586914,
    33.01901626586914,
    33.01897430419922,
    33.01897430419922,
    33.01897430419922,
    33.01897430419922,
    33.01897430419922,
    33.01897430419922,
    33.01901626586914,
    33.01901626586914,
    33.01901626586914,
    33.01897430419922,
    33.01901626586914,
    33.01901626586914,
    33.01901626586914,
    33.01901626586914,
    33.01901626586914,
    33.01897430419922,
    33.01897430419922,
    33.01897430419922,
    33.01897430419922,
    33.01897430419922,
    33.01897430419922,
    33.01897430419922,
    33.01897430419922,
    33.01897430419922,
    33.01897430419922,
    33.01897430419922,
    33.01897430419922,
    33.01901626586914,
    33.01897430419922,
    33.01897430419922,
    33.01897430419922,
    33.01901626586914,
    33.01901626586914,
    33.01901626586914,
    33.01901626586914,
    33.01897430419922,
    33.01897430419922,
    33.01897430419922,
    33.01901626586914,
    33.01897430419922,
    33.01901626586914,
    33.01897430419922,
    33.01897430419922,
    33.01897430419922,
    33.01901626586914,
    33.01901626586914,
    33.01901626586914,
    33.01901626586914,
    33.01901626586914,
    33.01901626586914,
    33.01901626586914,
    33.01897430419922,
    33.01897430419922,
    33.01897430419922,
    33.01897430419922,
    33.01901626586914,
    33.01897430419922,
    33.01901626586914,
    33.01897430419922,
    33.01897430419922,
    33.01897430419922,
    33.01897430419922,
    33.01897430419922,
    33.01901626586914,
    33.01897430419922,
    33.01897430419922,
    33.01901626586914,
    33.01901626586914,
    33.01901626586914,
    33.01901626586914,
    33.01897430419922,
    33.01897430419922,
    33.01901626586914,
    33.01897430419922,
    33.01897430419922,
    33.01901626586914,
    33.01897430419922,
    33.01901626586914,
    33.01901626586914,
    33.01901626586914,
    33.01897430419922,
    33.01901626586914,
    33.01901626586914,
    33.01901626586914,
    33.01897430419922,
    33.01897430419922,
    33.01897430419922,
    33.01897430419922,
    33.01897430419922,
    33.01897430419922
  ]
}